{
  "exit_report.json": {
    "algorithm": "sha256",
    "hex": "317510291b1c72c2b1c7ba740439f0455557294642090ea0891d6dc170c4e7ab"
  },
  "changed_files.json": {
    "algorithm": "sha256",
    "hex": "6c149e1f1c710c4dfdda9861fc85f24302872f267a2fd32c6d7c54bf6cbfbf02"
  },
  "classification.json": {
    "algorithm": "sha256",
    "hex": "ebb92dabc1b225f5ef0d164b0a015c4150e5a1cf3038c6e1c269514ba72f95c6"
  },
  "runner.log": {
    "algorithm": "sha256",
    "hex": "4831771cc73d8e29a231167daddc17022eba75d04ce031bb22ee5f154866a15a"
  }
}