{
  "exit_report.json": {
    "algorithm": "sha256",
    "hex": "b103868becfc557cf89e67b036fd0429352dc0fe62a0dec4e2110956d8edb1c8"
  },
  "changed_files.json": {
    "algorithm": "sha256",
    "hex": "f993f14cf5c94e5fb7ea56dcc0dacec4d4eb2879df8dae6026da71004b154c57"
  },
  "classification.json": {
    "algorithm": "sha256",
    "hex": "ebb92dabc1b225f5ef0d164b0a015c4150e5a1cf3038c6e1c269514ba72f95c6"
  },
  "runner.log": {
    "algorithm": "sha256",
    "hex": "4a5486d54e7ba22a50dc423b881704cc7c304780119cc320cd0e9a39933c78bd"
  }
}