{"error_message":null,"executed_steps":[{"id":"build_with_validation-execute","kind":"runtime","payload":{"mission_type":"build_with_validation","operation":"mission","params":{"mode":"smoke"}}}],"failed_step_id":null,"final_state":{"mission_result":{"error":null,"escalation_reason":null,"evidence":{"evidence_path":"C:\\Users\\cabra\\Projects\\LifeOS\\artifacts\\evidence\\mission_runs\\build_with_validation\\55da3519484871e6","run_token":"55da3519484871e6"},"executed_steps":["smoke:check_pyproject","smoke:compileall"],"mission_type":"build_with_validation","outputs":{"baseline_commit":"0301c74b261cc6c4cb44c2dcc616c7808f1fdbf5","evidence":{"smoke_check.exitcode":"9a271f2a916b0b6ee6cecb2426f0b3206ef074578be55d9bc94f6f3fe3ab86aa","smoke_check.stderr":"e3b0c44298fc1c149afbf4c8996fb92427ae41e4649b934ca495991b7852b855","smoke_check.stdout":"e3b0c44298fc1c149afbf4c8996fb92427ae41e4649b934ca495991b7852b855","smoke_compile.exitcode":"9a271f2a916b0b6ee6cecb2426f0b3206ef074578be55d9bc94f6f3fe3ab86aa","smoke_compile.stderr":"e3b0c44298fc1c149afbf4c8996fb92427ae41e4649b934ca495991b7852b855","smoke_compile.stdout":"e3b0c44298fc1c149afbf4c8996fb92427ae41e4649b934ca495991b7852b855"},"evidence_dir":"C:\\Users\\cabra\\Projects\\LifeOS\\artifacts\\evidence\\mission_runs\\build_with_validation\\55da3519484871e6","params_canonical_sha256":"a5cbadd972cf173cfd262b69589963bd777347a8ccfd059dcbf554efc31b49ca","pytest":null,"repo_root":"C:\\Users\\cabra\\Projects\\LifeOS","run_token":"55da3519484871e6","smoke":{"command":["C:\\Python312\\python.exe","-m","compileall","-q","runtime"],"exit_code":0,"stderr_sha256":"e3b0c44298fc1c149afbf4c8996fb92427ae41e4649b934ca495991b7852b855","stdout_sha256":"e3b0c44298fc1c149afbf4c8996fb92427ae41e4649b934ca495991b7852b855"}},"success":true},"mission_results":{"build_with_validation-execute":{"error":null,"escalation_reason":null,"evidence":{"evidence_path":"C:\\Users\\cabra\\Projects\\LifeOS\\artifacts\\evidence\\mission_runs\\build_with_validation\\55da3519484871e6","run_token":"55da3519484871e6"},"executed_steps":["smoke:check_pyproject","smoke:compileall"],"mission_type":"build_with_validation","outputs":{"baseline_commit":"0301c74b261cc6c4cb44c2dcc616c7808f1fdbf5","evidence":{"smoke_check.exitcode":"9a271f2a916b0b6ee6cecb2426f0b3206ef074578be55d9bc94f6f3fe3ab86aa","smoke_check.stderr":"e3b0c44298fc1c149afbf4c8996fb92427ae41e4649b934ca495991b7852b855","smoke_check.stdout":"e3b0c44298fc1c149afbf4c8996fb92427ae41e4649b934ca495991b7852b855","smoke_compile.exitcode":"9a271f2a916b0b6ee6cecb2426f0b3206ef074578be55d9bc94f6f3fe3ab86aa","smoke_compile.stderr":"e3b0c44298fc1c149afbf4c8996fb92427ae41e4649b934ca495991b7852b855","smoke_compile.stdout":"e3b0c44298fc1c149afbf4c8996fb92427ae41e4649b934ca495991b7852b855"},"evidence_dir":"C:\\Users\\cabra\\Projects\\LifeOS\\artifacts\\evidence\\mission_runs\\build_with_validation\\55da3519484871e6","params_canonical_sha256":"a5cbadd972cf173cfd262b69589963bd777347a8ccfd059dcbf554efc31b49ca","pytest":null,"repo_root":"C:\\Users\\cabra\\Projects\\LifeOS","run_token":"55da3519484871e6","smoke":{"command":["C:\\Python312\\python.exe","-m","compileall","-q","runtime"],"exit_code":0,"stderr_sha256":"e3b0c44298fc1c149afbf4c8996fb92427ae41e4649b934ca495991b7852b855","stdout_sha256":"e3b0c44298fc1c149afbf4c8996fb92427ae41e4649b934ca495991b7852b855"}},"success":true}}},"id":"direct-execution-55da3519484871e6","lineage":{"executed_step_ids":["build_with_validation-execute"],"workflow_id":"wf-build_with_validation"},"receipt":{"id":"wf-build_with_validation","steps":["build_with_validation-execute"]},"success":true}
