{
  "schema_version": "e2e_mission_cli_summary_v1",
  "run_id": "999d570a8bc1c5f0",
  "argv": [
    "scripts/e2e/run_mission_cli_e2e.py",
    "--out-dir",
    "artifacts/evidence/verify_patch"
  ],
  "selected_entrypoint_mode": "lifeos",
  "cwd": "C:\\Users\\cabra\\Projects\\LifeOS",
  "cases": [
    {
      "name": "E2E-1",
      "status": "PASS",
      "expected": {
        "exit_code": 0
      },
      "observed": {
        "exit_code": 0,
        "wrapper_success": true
      },
      "json_parse": {
        "ok": true,
        "error": null
      },
      "wrapper_validation": {
        "ok": true,
        "errors": []
      },
      "reason": null
    },
    {
      "name": "E2E-2",
      "status": "PASS",
      "expected": {
        "exit_code": 0
      },
      "observed": {
        "exit_code": 0,
        "wrapper_success": true
      },
      "json_parse": {
        "ok": true,
        "error": null
      },
      "wrapper_validation": {
        "ok": true,
        "errors": []
      },
      "reason": null
    },
    {
      "name": "E2E-3",
      "status": "PASS",
      "expected": {
        "exit_code": 1
      },
      "observed": {
        "exit_code": 1,
        "wrapper_success": false
      },
      "json_parse": {
        "ok": true,
        "error": null
      },
      "wrapper_validation": {
        "ok": true,
        "errors": []
      },
      "reason": null
    }
  ],
  "overall_outcome": "PASS",
  "evidence_files": [
    {
      "path": "E2E-1.exitcode.txt",
      "bytes": 1,
      "sha256": "5feceb66ffc86f38d952786c6d696c79c2dbc239dd4e91b46729d73a27fb57e9"
    },
    {
      "path": "E2E-1.meta.json",
      "bytes": 179,
      "sha256": "a287fccf03f224322cde011dfee9562a7a9bc944b71f3c8c19945b7fef316597"
    },
    {
      "path": "E2E-1.stderr.txt",
      "bytes": 0,
      "sha256": "e3b0c44298fc1c149afbf4c8996fb92427ae41e4649b934ca495991b7852b855"
    },
    {
      "path": "E2E-1.stdout.txt",
      "bytes": 5012,
      "sha256": "a1e88e6a706819375dfa37d23703733dc692aad82fa057d8b42d04d7770a121a"
    },
    {
      "path": "E2E-2.exitcode.txt",
      "bytes": 1,
      "sha256": "5feceb66ffc86f38d952786c6d696c79c2dbc239dd4e91b46729d73a27fb57e9"
    },
    {
      "path": "E2E-2.meta.json",
      "bytes": 179,
      "sha256": "61bfcf2d5c554117fd1dc5a9d6f003fafd2dfd845201807d923689c867420205"
    },
    {
      "path": "E2E-2.stderr.txt",
      "bytes": 0,
      "sha256": "e3b0c44298fc1c149afbf4c8996fb92427ae41e4649b934ca495991b7852b855"
    },
    {
      "path": "E2E-2.stdout.txt",
      "bytes": 5012,
      "sha256": "a1e88e6a706819375dfa37d23703733dc692aad82fa057d8b42d04d7770a121a"
    },
    {
      "path": "E2E-3.exitcode.txt",
      "bytes": 1,
      "sha256": "6b86b273ff34fce19d6b804eff5a3f5747ada4eaa22f1d49c01e52ddb7875b4b"
    },
    {
      "path": "E2E-3.meta.json",
      "bytes": 184,
      "sha256": "9eaf4ef08b9eb8ad7122918f8101e66c43c4cd5b4f64732e9253cfbac4bf645a"
    },
    {
      "path": "E2E-3.stderr.txt",
      "bytes": 0,
      "sha256": "e3b0c44298fc1c149afbf4c8996fb92427ae41e4649b934ca495991b7852b855"
    },
    {
      "path": "E2E-3.stdout.txt",
      "bytes": 1016,
      "sha256": "cbb8e04b1076ecec3ea1033444ae66f12a6cabc6015608e3d6f7b89cb5b7b067"
    },
    {
      "path": "search_log.txt",
      "bytes": 372,
      "sha256": "d4b7f31a323c34535bdd72e77ab1ebfe56595168da2656f115c30613204a5122"
    }
  ]
}