{
  "exit_report.json": {
    "algorithm": "sha256",
    "hex": "799a53dd05a79c4f6cd2a85543a8b3483ac520914e528a82f7d182769ba2b231"
  },
  "changed_files.json": {
    "algorithm": "sha256",
    "hex": "6c149e1f1c710c4dfdda9861fc85f24302872f267a2fd32c6d7c54bf6cbfbf02"
  },
  "classification.json": {
    "algorithm": "sha256",
    "hex": "ebb92dabc1b225f5ef0d164b0a015c4150e5a1cf3038c6e1c269514ba72f95c6"
  },
  "runner.log": {
    "algorithm": "sha256",
    "hex": "ed9c78027de1ad7fd1a120291e93b605ea69fae59452218f4c7daeb91e780e29"
  }
}