{
  "exit_report.json": {
    "algorithm": "sha256",
    "hex": "5cab0ea71419220bae7973dcaa4f84bb38de19100c893a2e56f69a1ae250d058"
  },
  "changed_files.json": {
    "algorithm": "sha256",
    "hex": "8e04f9566ca3a684fde2c4d5da3a869e5214beac3de49f89a610f2422fb939c3"
  },
  "classification.json": {
    "algorithm": "sha256",
    "hex": "9f6c31944e642bdb62d7d166f3540bb5eb38841e7ba6ebdee816758aff551860"
  },
  "runner.log": {
    "algorithm": "sha256",
    "hex": "acab716d3b5fed04defe01e2c5b7c702b187bdf3e305e99cc57b67070d376a4a"
  }
}