{
  "exit_report.json": {
    "algorithm": "sha256",
    "hex": "9ee2cb2643327049a1d0fd35706b613876ff7c098527a0168bafec0ef916ad08"
  },
  "changed_files.json": {
    "algorithm": "sha256",
    "hex": "f993f14cf5c94e5fb7ea56dcc0dacec4d4eb2879df8dae6026da71004b154c57"
  },
  "classification.json": {
    "algorithm": "sha256",
    "hex": "ebb92dabc1b225f5ef0d164b0a015c4150e5a1cf3038c6e1c269514ba72f95c6"
  },
  "runner.log": {
    "algorithm": "sha256",
    "hex": "37862e3a441d0ef8b5ae1d8e0115c3aa0b46dd90b3121973c169ba356ed37319"
  }
}