{
    "demo_target": {
        "path": "docs/08_manuals/Governance_Runtime_Manual_v1.0.md",
        "sha256": "b878776c0c752cc005d38d5bb6a8cd16524199b6b9c8d760379362a17fbea29e"
    },
    "authoritative_inputs": {
        "gate_runner": {
            "path": "scripts/opencode_ci_runner.py",
            "sha256": "b45be92c7a06bf2d65ba63a83b23fa549dc949d27e0a723dc48b79cb0331958c"
        },
        "gate_policy": {
            "path": "scripts/opencode_gate_policy.py",
            "sha256": "96ca3d3e9711a12e8451bacb92729c429296c914f32cb43eb26b8d33715662d8"
        },
        "ct2_ruling": {
            "path": "docs/01_governance/Council_Ruling_OpenCode_DocSteward_CT2_Phase2_v1.1.md",
            "sha256": "ebed6fdc95aeb714dcc20803ea5ce69a3e2e7222f40173f793daf956e96f6043"
        },
        "dap_protocol": {
            "path": "docs/02_protocols/Deterministic_Artefact_Protocol_v2.0.md",
            "sha256": "f81623dcbe0ed6d01c6360a8fcdf206020868aa21d489ac4b9776fceb5bd8e81"
        }
    },
    "changed_artifacts": {
        "plan_v1.1": {
            "path": "artifacts/plans/Plan_OpenCode_First_Stewardship_v1.1.md",
            "sha256": "9023ae98ecfd6531db73a248616a3140147c241a568b7995adcc5bff23512613"
        },
        "policy_v1.1": {
            "path": "docs/01_governance/OpenCode_First_Stewardship_Policy_v1.1.md",
            "sha256": "7c95e85caf710cdaf8405a32761d10dc17a089a4ca72c51ac4dfdaabcde342e3"
        },
        "blocked_report_template": {
            "path": "docs/02_protocols/templates/blocked_report_template_v1.0.md",
            "sha256": "954ffb42e6ec12e9721bf05fd7e48eed329da64980e49bded4ddb309d30f3fbf"
        },
        "governance_request_template": {
            "path": "docs/02_protocols/templates/governance_request_template_v1.0.md",
            "sha256": "b37eaa12ad1ba6e08c8b2e0aa9b9b62632b15f06cedce62bc7c4b5d7eb8a49b2"
        }
    }
}