{
    "generated": "2026-01-06T23:48:30+11:00",
    "suite_version": "1.3",
    "artifacts": [
        {
            "file": "artifacts/plans/Plan_OpenCode_Steward_Hardening_v1.3.md",
            "sha256": "f8929eb681269fd5efa9baed35e6122fb8d44015e672feb0fde427649025241e"
        },
        {
            "file": "scripts/opencode_ci_runner.py",
            "sha256": "dc09ed089f963d696eeb6b1fe554ae4e1e2e5cd674cf1b0a82ef4328472b964b"
        },
        {
            "file": "artifacts/evidence/opencode_steward_certification/CERTIFICATION_REPORT_v1_3.json",
            "sha256": "35821a5bd7c502bfd91eabae26bacdecd2afdf172aeb50c298941b98573a59bf"
        }
    ],
    "certification_summary": {
        "total": 12,
        "passed": 11,
        "failed": 1,
        "waiver": "T-GIT-1 failed due to pre-existing dirty environment (not steward behavior)"
    }
}