{
  "exit_report.json": {
    "algorithm": "sha256",
    "hex": "5a39232823a96020bc758845b83a0efe80d7eac8612a13f171804c7a9291c46e"
  },
  "changed_files.json": {
    "algorithm": "sha256",
    "hex": "4f53cda18c2baa0c0354bb5f9a3ecbe5ed12ab4d8e11ba873c2f11161202b945"
  },
  "classification.json": {
    "algorithm": "sha256",
    "hex": "9f6c31944e642bdb62d7d166f3540bb5eb38841e7ba6ebdee816758aff551860"
  },
  "runner.log": {
    "algorithm": "sha256",
    "hex": "70cb770080dbba377c40ee6bb4841e1f9064aafb96bb4507ed72912fd8aff4de"
  }
}