{
    "meta": {
        "version": "3.1.0",
        "updated": "2026-01-06",
        "description": "Canonical Binding Artefacts Index (17 artefacts, 9 protocols)",
        "sha256_policy": "Hash raw file bytes for provenance in closure bundles",
        "counting_rule": "artefacts_count = count of non-comment keys in 'artefacts'; protocols_count = count of keys whose path starts with 'docs/02_protocols/'",
        "binding_classes": {
            "FOUNDATIONAL": "Core principles; immutable except via constitutional amendment",
            "GOVERNANCE": "Contracts and rulings; CEO-controlled amendments",
            "PROTOCOL": "Active protocols; binding for agents and runtime",
            "RUNTIME": "Runtime specifications; binding for implementation"
        }
    },
    "artefacts": {
        "_comment_foundations": "=== 00_foundations: Core Principles ===",
        "constitution": "docs/00_foundations/LifeOS_Constitution_v2.0.md",
        "anti_failure": "docs/00_foundations/Anti_Failure_Operational_Packet_v0.1.md",
        "architecture_skeleton": "docs/00_foundations/Architecture_Skeleton_v1.0.md",
        "_comment_governance": "=== 01_governance: Governance Contracts ===",
        "coo_contract": "docs/01_governance/COO_Operating_Contract_v1.0.md",
        "agent_constitution": "docs/01_governance/AgentConstitution_GEMINI_Template_v1.0.md",
        "council_invocation": "docs/01_governance/Council_Invocation_Runtime_Binding_Spec_v1.1.md",
        "doc_steward_constitution": "docs/01_governance/DOC_STEWARD_Constitution_v1.0.md",
        "_comment_protocols": "=== 02_protocols: Active Protocols ===",
        "governance_protocol": "docs/02_protocols/Governance_Protocol_v1.0.md",
        "document_steward_protocol": "docs/02_protocols/Document_Steward_Protocol_v1.1.md",
        "dap": "docs/02_protocols/Deterministic_Artefact_Protocol_v2.0.md",
        "council_protocol": "docs/02_protocols/Council_Protocol_v1.2.md",
        "build_artifact_protocol": "docs/02_protocols/Build_Artifact_Protocol_v1.0.md",
        "build_handoff_protocol": "docs/02_protocols/Build_Handoff_Protocol_v1.1.md",
        "core_tdd_principles": "docs/02_protocols/Core_TDD_Design_Principles_v1.0.md",
        "packet_schema_versioning": "docs/02_protocols/Packet_Schema_Versioning_Policy_v1.0.md",
        "tier2_api_versioning": "docs/02_protocols/Tier-2_API_Evolution_and_Versioning_Strategy_v1.0.md",
        "_comment_runtime": "=== 03_runtime: Runtime Specifications ===",
        "coo_runtime_spec_index": "docs/03_runtime/COO_Runtime_Spec_Index_v1.0.md",
        "tier25_activation": "docs/03_runtime/F3_Tier2.5_Activation_Conditions_Checklist_v1.0.md",
        "antigrav_mission_protocol": "docs/03_runtime/F7_Runtime_Antigrav_Mission_Protocol_v1.0.md",
        "_comment_context": "=== Strategic Context ===",
        "strategic_context": "docs/LifeOS_Strategic_Corpus.md"
    }
}