{
  "exit_report.json": {
    "algorithm": "sha256",
    "hex": "dd7565cea8d6f328e3c51731fb3880a939d667efdd98d3743d37a5ccddf0f303"
  },
  "changed_files.json": {
    "algorithm": "sha256",
    "hex": "8e04f9566ca3a684fde2c4d5da3a869e5214beac3de49f89a610f2422fb939c3"
  },
  "classification.json": {
    "algorithm": "sha256",
    "hex": "9f6c31944e642bdb62d7d166f3540bb5eb38841e7ba6ebdee816758aff551860"
  },
  "runner.log": {
    "algorithm": "sha256",
    "hex": "47cb828985b15a243009b444247fbcf8ef9abb8c002fb205df614a547f1a710b"
  }
}