{
  "exit_report.json": {
    "algorithm": "sha256",
    "hex": "5ee8f04fc32dc76b7b25eb9822a39841b72667c5b7085d0c3a31d35e384e8d79"
  },
  "changed_files.json": {
    "algorithm": "sha256",
    "hex": "6c149e1f1c710c4dfdda9861fc85f24302872f267a2fd32c6d7c54bf6cbfbf02"
  },
  "classification.json": {
    "algorithm": "sha256",
    "hex": "ebb92dabc1b225f5ef0d164b0a015c4150e5a1cf3038c6e1c269514ba72f95c6"
  },
  "runner.log": {
    "algorithm": "sha256",
    "hex": "b7455849a5b70209e5925144b6297aebb94d7f4f50409feabda46ee59fa24635"
  }
}