{
  "$schema": "http://json-schema.org/draft-07/schema#",
  "title": "LifeOS Policy Engine v1.2 Schema",
  "type": "object",
  "required": [
    "schema_version",
    "policy_metadata",
    "posture",
    "variables",
    "failure_classes",
    "tool_rules",
    "loop_rules"
  ],
  "properties": {
    "schema_version": { "type": "string", "pattern": "^1\\.2$" },
    "policy_metadata": {
      "type": "object",
      "required": ["version", "effective_date", "author", "description"],
      "properties": {
        "version": { "type": "string" },
        "effective_date": { "type": "string" },
        "author": { "type": "string" },
        "description": { "type": "string" }
      },
      "additionalProperties": false
    },
    "posture": {
      "type": "object",
      "required": ["mode"],
      "properties": {
        "mode": { "type": "string", "enum": ["SHADOW", "DUAL", "PRIMARY", "ONLY"] },
        "allow_posture_loosen": { "type": "boolean" },
        "approval_ref": { "type": "string" }
      },
      "additionalProperties": false
    },
    "variables": { "type": "object", "additionalProperties": { "type": ["string", "number", "boolean"] } },
    "failure_classes": {
      "type": "array",
      "items": { "type": "string" },
      "minItems": 1,
      "uniqueItems": true
    },
    "tool_rules": {
      "type": "array",
      "items": { "$ref": "#/definitions/rule" },
      "uniqueItems": true
    },
    "loop_rules": {
      "type": "array",
      "items": { "$ref": "#/definitions/rule" },
      "uniqueItems": true
    },
    "audit": {
      "type": "object",
      "properties": {
        "enabled": { "type": "boolean" },
        "buffer_size": { "type": "integer", "minimum": 1 },
        "flush_interval": { "type": "integer", "minimum": 0 }
      },
      "additionalProperties": false
    },
    "metrics": {
      "type": "object",
      "properties": {
        "enabled": { "type": "boolean" }
      },
      "additionalProperties": false
    },
    "escalation": {
      "type": "object",
      "properties": {
        "budget": { "type": "integer", "minimum": 0 },
        "ttl_seconds": { "type": "integer", "minimum": 0 },
        "allowlist": { "type": "array", "items": { "type": "string" }, "uniqueItems": true }
      },
      "additionalProperties": false
    }
  },
  "additionalProperties": false,
  "definitions": {
    "rule": {
      "type": "object",
      "required": ["rule_id", "decision", "match"],
      "properties": {
        "rule_id": { "type": "string", "minLength": 1 },
        "decision": { "type": "string", "enum": ["ALLOW", "DENY", "ESCALATE", "WAIVER", "TERMINATE"] },
        "priority": { "type": "integer", "minimum": 0 },
        "match": {
          "type": "object",
          "properties": {
            "tool": { "type": "string" },
            "action": { "type": "string" },
            "path": { "type": "string" },
            "failure_class": { "type": "string" },
            "terminal_reason": { "type": "string" },
            "mission_type": { "type": "string" },
            "agent_tier": { "type": "string" },
            "tags": { "type": "array", "items": { "type": "string" }, "uniqueItems": true }
          },
          "additionalProperties": false
        },
        "on_match": {
          "type": "object",
          "properties": {
            "terminal_outcome": { "type": "string" },
            "terminal_reason": { "type": "string" },
            "audit": { "type": "boolean" },
            "metrics": { "type": "boolean" }
          },
          "additionalProperties": false
        }
      },
      "additionalProperties": false
    }
  }
}
